{"data":{"Year":[2016,2016,2016,2016,2016,2016,2016,2009,2009,2009,2009,2009,2009,2009,2010,2010,2010,2010,2010,2010,2010,2011,2011,2011,2011,2011,2011,2011,2012,2012,2012,2012,2012,2012,2012,2013,2013,2013,2013,2013,2013,2013,2014,2014,2014,2014,2014,2014,2014,2015,2015,2015,2015,2015,2015,2015],"Youth (Age 15-24)":["Youth (Age 15-24)",null,null,null,null,null,null,"Youth (Age 15-24)",null,null,null,null,null,null,"All",null,null,null,null,null,null,"All",null,null,null,null,null,null,"All",null,null,null,null,null,null,"All",null,null,null,null,null,null,"All",null,null,null,null,null,null,"All",null,null,null,null,null,null],"Age Breakdown":[null,"15 to 17 years","18 to 19 years","20 to 24 years","15 to 17 years","18 to 19 years","20 to 24 years",null,"15 to 17 years","18 to 19 years","20 to 24 years","15 to 17 years","18 to 19 years","20 to 24 years",null,"15 to 17 years","18 to 19 years","20 to 24 years","15 to 17 years","18 to 19 years","20 to 24 years",null,"15 to 17 years","18 to 19 years","20 to 24 years","15 to 17 years","18 to 19 years","20 to 24 years",null,"15 to 17 years","18 to 19 years","20 to 24 years","15 to 17 years","18 to 19 years","20 to 24 years",null,"15 to 17 years","18 to 19 years","20 to 24 years","15 to 17 years","18 to 19 years","20 to 24 years",null,"15 to 17 years","18 to 19 years","20 to 24 years","15 to 17 years","18 to 19 years","20 to 24 years",null,"15 to 17 years","18 to 19 years","20 to 24 years","15 to 17 years","18 to 19 years","20 to 24 years"],"Gender":[null,"Male","Male","Male","Female","Female","Female",null,"Male","Male","Male","Female","Female","Female",null,"Male","Male","Male","Female","Female","Female",null,"Male","Male","Male","Female","Female","Female",null,"Male","Male","Male","Female","Female","Female",null,"Male","Male","Male","Female","Female","Female",null,"Male","Male","Male","Female","Female","Female",null,"Male","Male","Male","Female","Female","Female"],"Value":[35.0,2.521171734,24.41988747,55.07561026,3.082360439,16.91320173,48.77116502,12.0,4.806781288,29.85320829,63.61239912,4.345362048,25.07289727,54.1620771,25.0,4.699150978,29.70889091,61.46574093,3.565012063,23.50076975,53.4510262,48.0,4.269484409,28.41590008,60.65628749,3.415955009,20.98516566,52.75745417,10.0,3.744572618,27.32299776,58.63605603,3.285009875,19.86616335,51.41538958,18.0,3.455449431,26.07914888,56.87381707,3.067132006,18.92253724,50.71662598,15.0,3.033917157,25.36372119,56.32511879,3.020449353,17.92097432,50.56825662,40.0,2.231809733,25.25529618,55.76530104,3.170242146,17.21172773,49.19664021]},"edges":{"From":["Age Breakdown"],"To":["Gender"]}}