Year,Value
2011,0.054000000000000006
2012,0.059000000000000004
2013,0.055
2014,0.052000000000000005
2015,0.045
2016,0.037000000000000005
2017,0.032
2018,0.026000000000000002
