{"Year":[1984,1985,1986,1987,1988,1989,1990,1991,1992,1993,1994,1995,1996,1997,1998,1999,2000,2001,2002,2003,2004,2005,2006,2007,2008,2009,2010,2011,2012,2013,2014,2015,2016,2017,2018,1984,1985,1986,1987,1988,1989,1990,1991,1992,1993,1994,1995,1996,1997,1998,1999,2000,2001,2002,2003,2004,2005,2006,2007,2008,2009,2010,2011,2012,2013,2014,2015,2016,2017,2018],"Permanent or Seasonal Water Bodies":["Permanent","Permanent","Permanent","Permanent","Permanent","Permanent","Permanent","Permanent","Permanent","Permanent","Permanent","Permanent","Permanent","Permanent","Permanent","Permanent","Permanent","Permanent","Permanent","Permanent","Permanent","Permanent","Permanent","Permanent","Permanent","Permanent","Permanent","Permanent","Permanent","Permanent","Permanent","Permanent","Permanent","Permanent","Permanent","Seasonal","Seasonal","Seasonal","Seasonal","Seasonal","Seasonal","Seasonal","Seasonal","Seasonal","Seasonal","Seasonal","Seasonal","Seasonal","Seasonal","Seasonal","Seasonal","Seasonal","Seasonal","Seasonal","Seasonal","Seasonal","Seasonal","Seasonal","Seasonal","Seasonal","Seasonal","Seasonal","Seasonal","Seasonal","Seasonal","Seasonal","Seasonal","Seasonal","Seasonal","Seasonal"],"Value":[31.857884,30.63435424,31.46451452,31.24664848,30.73620167,29.69911628,31.72273973,31.09086648,31.94583019,34.52884577,33.4463143,34.82731619,34.16519102,32.78048825,35.22065859,35.00402022,34.54313805,34.09361626,32.73770245,32.92440071,32.18832671,34.0807602,33.76969907,32.52206035,32.08470966,31.55528979,32.48334527,34.05311928,32.56272697,31.7069792,28.3960016,28.29073265,29.71162382,32.67703259,31.95270682,4.613852566,8.603146976,10.61072129,9.136802224,10.26736841,10.83689263,8.72499637,13.02484169,12.69116907,13.45781059,10.21216866,12.56792964,13.18543571,10.99724284,13.08073873,9.719263021,12.36327076,12.05224866,10.51422999,12.08190397,12.21362844,14.74605741,13.82174276,11.08383755,13.9360194,13.57781509,14.71161048,14.4821682,12.01004508,8.924700607,13.41404677,12.27051645,11.41998503,12.57531062,11.4435112]}