{"Year":[1990,1991,1992,1993,1994,1995,1996,1997,1998,1999,2000,2001,2002,2003,2004,2005,2006,2007,2008,2009,2010,2011,2012,2013,2014,2015,2016,2017,2018,1990,1991,1992,1993,1994,1995,1996,1997,1998,1999,2000,2001,2002,2003,2004,2005,2006,2007,2008,2009,2010,2011,2012,2013,2014,2015,2016,2017,2018,1990,1991,1992,1993,1994,1995,1996,1997,1998,1999,2000,2001,2002,2003,2004,2005,2006,2007,2008,2009,2010,2011,2012,2013,2014,2015,2016,2017,2018],"Residential, Non-Residential":[null,null,null,null,null,null,null,null,null,null,null,null,null,null,null,null,null,null,null,null,null,null,null,null,null,null,null,null,null,"Residential","Residential","Residential","Residential","Residential","Residential","Residential","Residential","Residential","Residential","Residential","Residential","Residential","Residential","Residential","Residential","Residential","Residential","Residential","Residential","Residential","Residential","Residential","Residential","Residential","Residential","Residential","Residential","Residential","Non-Residential","Non-Residential","Non-Residential","Non-Residential","Non-Residential","Non-Residential","Non-Residential","Non-Residential","Non-Residential","Non-Residential","Non-Residential","Non-Residential","Non-Residential","Non-Residential","Non-Residential","Non-Residential","Non-Residential","Non-Residential","Non-Residential","Non-Residential","Non-Residential","Non-Residential","Non-Residential","Non-Residential","Non-Residential","Non-Residential","Non-Residential","Non-Residential","Non-Residential"],"Value":[64746.17602,62713.13433,63272.19404,62199.03509,62779.74459,62464.10018,64178.80708,65862.29617,65704.4068,66711.395,69442.15761,69743.63613,67711.41408,68515.73422,69214.89469,69993.61007,70939.03277,71264.11872,72094.82404,69965.43464,68272.30209,68209.2133,69274.86658,68366.42789,69946.07105,69690.51091,68779.25003,68800.94671,67856.28125,16960.72006,16310.88407,16377.79499,15759.08304,16065.5834,16823.63593,16322.05687,17578.67224,17234.64818,17665.18361,18891.73387,18212.69867,17917.92881,19056.85228,19507.88669,19711.89407,20378.138,20537.01783,21118.10089,20594.68006,19726.42373,20069.35877,21082.23629,20620.15513,20752.65642,19998.14919,20019.33349,20711.25885,20589.17311,47785.45597,46402.25026,46894.39905,46439.95205,46714.1612,45640.46425,47856.75021,48283.62392,48469.75862,49046.21139,50550.42374,51530.93746,49793.48527,49458.88193,49707.008,50281.71599,50560.89477,50727.1009,50976.72315,49370.75458,48545.87837,48139.85453,48192.63029,47746.27276,49193.41462,49692.36172,48759.91654,48089.68786,47267.10814]}